-- phpMyAdmin SQL Dump
-- version 4.7.0
-- https://www.phpmyadmin.net/
--
-- Hôte : 127.0.0.1
-- Généré le :  mer. 29 avr. 2020 à 17:56
-- Version du serveur :  5.7.17
-- Version de PHP :  5.6.30

SET SQL_MODE = "NO_AUTO_VALUE_ON_ZERO";
SET AUTOCOMMIT = 0;
START TRANSACTION;
SET time_zone = "+00:00";


/*!40101 SET @OLD_CHARACTER_SET_CLIENT=@@CHARACTER_SET_CLIENT */;
/*!40101 SET @OLD_CHARACTER_SET_RESULTS=@@CHARACTER_SET_RESULTS */;
/*!40101 SET @OLD_COLLATION_CONNECTION=@@COLLATION_CONNECTION */;
/*!40101 SET NAMES utf8mb4 */;

--
-- Base de données :  `vtc`
--

-- --------------------------------------------------------

--
-- Structure de la table `association_vehicule_conducteur`
--

CREATE TABLE `association_vehicule_conducteur` (
  `id_association` int(11) NOT NULL,
  `id_vehicule` int(11) NOT NULL,
  `id_conducteur` int(11) NOT NULL
) ENGINE=MyISAM DEFAULT CHARSET=utf8mb4 COLLATE=utf8mb4_bin;

--
-- Déchargement des données de la table `association_vehicule_conducteur`
--

INSERT INTO `association_vehicule_conducteur` (`id_association`, `id_vehicule`, `id_conducteur`) VALUES
(1, 501, 1),
(2, 502, 2),
(3, 503, 3),
(4, 504, 4),
(5, 501, 3),
(6, 506, 7),
(7, 506, 7);

-- --------------------------------------------------------

--
-- Structure de la table `conducteur`
--

CREATE TABLE `conducteur` (
  `id_conducteur` int(11) NOT NULL,
  `prenom` varchar(255) COLLATE utf8mb4_bin NOT NULL,
  `nom` varchar(255) COLLATE utf8mb4_bin NOT NULL
) ENGINE=MyISAM DEFAULT CHARSET=utf8mb4 COLLATE=utf8mb4_bin;

--
-- Déchargement des données de la table `conducteur`
--

INSERT INTO `conducteur` (`id_conducteur`, `prenom`, `nom`) VALUES
(1, 'Julien', 'Avigny'),
(2, 'Morgane', 'Alamie'),
(3, 'Philippe', 'Pandre'),
(4, 'Amélie', 'Blondelle'),
(5, 'Alex', 'Richy');

-- --------------------------------------------------------

--
-- Structure de la table `vehicule`
--

CREATE TABLE `vehicule` (
  `id_vehicule` int(11) NOT NULL,
  `marque` varchar(255) COLLATE utf8mb4_bin NOT NULL,
  `modele` varchar(255) COLLATE utf8mb4_bin NOT NULL,
  `couleur` varchar(255) COLLATE utf8mb4_bin NOT NULL,
  `immatriculation` varchar(255) COLLATE utf8mb4_bin NOT NULL
) ENGINE=MyISAM DEFAULT CHARSET=utf8mb4 COLLATE=utf8mb4_bin;

--
-- Déchargement des données de la table `vehicule`
--

INSERT INTO `vehicule` (`id_vehicule`, `marque`, `modele`, `couleur`, `immatriculation`) VALUES
(501, 'Peugeot', '807', 'noir', 'ab-355-ca'),
(502, 'Citroen', 'c8', 'bleu', 'ce-122-ae'),
(503, 'Mercedes', 'Cls', 'vert', 'fg-953-hi'),
(504, 'Volkswagen', 'Touran', 'noir', 'so-322-nv'),
(505, 'Skoda', 'Octavia', 'gris', 'pb-631-tk'),
(506, 'Volkswagen', 'Passat', 'gris', 'xn-973-mm'),
(515, 'Renault', 'Trafic', 'jaune', '45787'),
(514, 'Renault', 'Trafic', 'jaune', '45787');

--
-- Index pour les tables déchargées
--

--
-- Index pour la table `association_vehicule_conducteur`
--
ALTER TABLE `association_vehicule_conducteur`
  ADD PRIMARY KEY (`id_association`),
  ADD KEY `id_vehicule` (`id_vehicule`),
  ADD KEY `id_conducteur` (`id_conducteur`);

--
-- Index pour la table `conducteur`
--
ALTER TABLE `conducteur`
  ADD PRIMARY KEY (`id_conducteur`);

--
-- Index pour la table `vehicule`
--
ALTER TABLE `vehicule`
  ADD PRIMARY KEY (`id_vehicule`);

--
-- AUTO_INCREMENT pour les tables déchargées
--

--
-- AUTO_INCREMENT pour la table `association_vehicule_conducteur`
--
ALTER TABLE `association_vehicule_conducteur`
  MODIFY `id_association` int(11) NOT NULL AUTO_INCREMENT, AUTO_INCREMENT=8;
--
-- AUTO_INCREMENT pour la table `conducteur`
--
ALTER TABLE `conducteur`
  MODIFY `id_conducteur` int(11) NOT NULL AUTO_INCREMENT, AUTO_INCREMENT=10;
--
-- AUTO_INCREMENT pour la table `vehicule`
--
ALTER TABLE `vehicule`
  MODIFY `id_vehicule` int(11) NOT NULL AUTO_INCREMENT, AUTO_INCREMENT=516;COMMIT;

/*!40101 SET CHARACTER_SET_CLIENT=@OLD_CHARACTER_SET_CLIENT */;
/*!40101 SET CHARACTER_SET_RESULTS=@OLD_CHARACTER_SET_RESULTS */;
/*!40101 SET COLLATION_CONNECTION=@OLD_COLLATION_CONNECTION */;
